source,target,part_role
abalone_liver,abalone,
abalone_shell,abalone,
abomasum,beef,
abomasum,lamb,
acacia_flower,black_locust_tree,
acai_fruit,euterpe_oleracea,
acid_leaves,roselle,
aconite,aconitum_carmichaelii,
acorn,oak_tree,
adductor_muscle,scallop,
adidas,chicken,
african_walnut,plukenetia_conophora,
agarwood,aquilaria_malaccensis,
agretti_tip,suaeda_salsa,
ahuautli,water_boatman,
air_bladder,fish,
ajowan_seed,trachyspermum_ammi,
akami,tuna,
aka_orobi,vigna_angularis,
albacore_loin,albacore,
alexander_flower,alexanders,
alexander_leaf,alexander_plant,
alfalfa_sprouts,alfalfa,
alive_oil,pork,
alkanna_root,asian_alkanet,
allinase,garlic,
allinase,onion,
allium_flowers,allium,
alliin,garlic,
allspice,pimenta_dioica,
almonds_with_skin,almond_tree,
aloeswood,aquilaria_malaccensis,
alpina,alpinia_oxyphylla,
alyssum_flower,alyssum_plant,
amago_salmon_intestines,amago_salmon,
amaranth_seed,amaranth,
amaranth_leaf,amaranth,
amaranth_grains,amaranth,
ambergris,sperm_whale,
ambrette_seeds,musk_mallow,
american_vine_plants,vitis_labrusca,
amino_acids_broccoli_region2,broccoli,
anal_ring,pork,
anal_vent,fish,
anchovy_fillet,anchovy,
angelica_buds,angelica_sinensis,
angelica_leaf,angelica_sinensis,
angelica_stalks,angelica_sinensis,
animal_foot,beef,
anchovy_strip,coilia_mystus,
anchovy_strip,anchovy,
animal_meat,mammalia,
animal_meat,aves,
anise,pimpinella_anisum,
ankimo,monkfish,
annatto,achiote_tree,
annatto_seed,achiote_tree,
aponeurosis,beef,
apple_blossom,apple,
apple_blossoms,apple,
apple_peels,apple,
apple_scraps,apple,
apple_smoking_wood,apple,
apple_wood,apple,
apricot_kernel,apricot,
apricot_pits,apricot,
aquatic_plant_sprout,water_shield,
aralia_sprout,aralia_elata,
araucana_eggs,gallus_gallus_domesticus,
arar_gum,arar_tree,
araucaria_pine_nut,araucaria_araucana,
aril,pomegranate,
aril,lychee,
aril,longan,
aril,mangosteen,
arms,cephalopod,
arrowhead_bulb,arrowhead,
artichoke_heart,artichoke,
artichoke_bottom,globe_artichoke,
artichoke_quarter,artichoke,
aruhe,bracken_fern,
arum_root,amorphophallus_konjac_plant,
ash_key,maple_tree,
ash_tree_young_leaves,chinese_ash_tree,
asparagus_bottoms,asparagus,
asparagus_piece,asparagus,
asparagus_tip,asparagus,
aspergillus_oryzae_spores,aspergillus_oryzae,
asphodel_bulbs,asphodel,
ata_fruit,nypa_fruticans,
avocado_leaves,avocado,
avocado_pits_peels,avocado,
ayu_skeletons,ayu,
baby_back_ribs,pork,
baby_beetroot_leaves,beetroot,
baby_corn,corn,
baby_english_peas,pisum_sativum,
baby_dandelion_leaves,dandelion,
baby_gastrium_leaves,chamomile,
baby_lettuce_hearts,head_lettuce,
baby_greens,lactuca_sativa,
baby_greens,brassica_rapa,
baby_sweetcorn,sweetcorn,
baby_octopus_legs,baby_octopus,
balanos,oak_tree,
balsam_pear_leaf,bitter_melon,
balutan,duck,
bamboo_cooking_tube,moso_bamboo,
bamboo_shade_bran,wheat,
bamboo_shoot,bamboo,
bamboo_shoot_tip,bamboo_shoot,
bamboo_tip,cogon_grass,
bamboo_stalk,bamboo,
bana_yurine,lilium_leichtlinii,
banana_flower,banana,
banana_heart,banana,
banana_leaves,banana,
banana_peels,banana,
banana_skin,banana,
bar_cod_rib,bar_cod,
baobab_leaf,baobab,
barbes,scallop,
barley_grain,barley,
barley_tender_shoots,barley,
basal_rosettes,tatsoi,
basashi,horse,
basil_flowers,basil,
basil_leaf,basil,
basil_buds,basil,
basil_stem,basil,
basil_seeds,basil,
basil_tips,basil,
bass_belly,japanese_sea_bass,
bat_meat,bat,
bat_tree_leaves,anthocleista_vogelii,
bay_leaf,laurus_nobilis,
beach_rose_petals,beach_rose,
beak,cephalopod,
bean_flowers,yardlong_bean,
bean_flowers,cowpea,
bean_sprout,soybean,
bean_vines,bean,
bear_flesh,bear,
bear_meat,bear,
bear_gallbladder,asiatic_black_bear,
bear_gallbladder,brown_bear,
bear_paw,bear,
bear_skull,bear,
bearded_seal_meat_raw,bearded_seal,
bearded_seal_meat,bearded_seal,
bee_larvae,honey_bee,
bee_pupae,honey_bee,
beech_leaves,beech_tree,
beech_mast,beech_tree,
beech_sap,european_beech,
beech_nut,beech,
beechnuts,beech_tree,
beechwood,beech_tree,
beech_wood,beech_tree,
beef_blade_steak,beef,
beef_blood,beef,
beef_bones,beef,
beef_bottom_round,beef,
beef_bones_trim,beef,
beef_bone,beef,
beef_brain,beef,
beef_brisket,beef,
beef_casing,beef,
beef_carcass,cattle,
beef_chaekkeum,beef,
beef_cheek,beef,
beef_casings,beef,
beef_cheeks,beef,
beef_chops,beef,
beef_chuck_eye_roast,beef_chuck,
beef_chuck_eye_roast,beef,
beef_chuck,beef,
beef_chuck_rib,beef,
beef_chuck_rib,beef_chuck,
beef_chuck_cooked,bos_taurus,
beef_chuck_raw,beef,
beef_chunk,cow,
beef_chuck_ribeye,beef_chuck,
beef_chuck_ribeye,bos_taurus,
beef_cubes,cattle,
beef_chuck_stew,bos_taurus,
beef_chuck_stew,beef_chuck,
beef_cuts,cattle,
beef_eye_of_round_roast,beef,
beef_eye_of_the_round,beef,
beef_eye_of_the_round,beef_round,
beef_fat,beef,
beef_fillet,beef,
beef_flank_skirt_steak,beef,
beef_feet,beef,
beef_flank,beef,
beef_eye_of_round_steak,beef_round,
beef_eye_of_round_steak,beef,
beef_flap_meat,beef,
beef_flank_steak,beef,
beef_flat,beef,
beef_flat,beef_bottom_round,
beef_front_leg,beef,
beef_intermuscular_fat,beef,
beef_heart,beef,
beef_intestine,beef,
beef_kidney,beef,
beef_knuckle,beef,
beef_kidneys,beef,
beef_kidney_fat,beef,
beef_knuckles,beef,
beef_liver,beef,
beef_lung,beef,
beef_loin,beef,
beef_large_intestine,beef,
beef_lungs,beef,
beef_marrow,beef,
beef_marrow_bone,beef,
beef_marrow_bones,beef,
beef_middle,beef,
beef_marrows,beef,
beef_middles,beef,
beef_muscle,beef,
beef_pancreas,beef,
beef_rib,beef,
beef_rib_roast,beef,
beef_rib_eye,beef,
beef_rib_slabs,beef,
beef_ribs,beef,
beef_ribeye,beef,
beef_round,beef,
beef_roast,bos_taurus,
beef_roll,cow,
beef_rump,beef,
beef_rump_steak,beef,
beef_shank,beef,
beef_separable_fat,beef,
beef_shanks,beef,
beef_scraps,beef,
beef_shin,beef,
beef_shin_marrow,beef_shin,
beef_shin_marrow,beef,
beef_short_rib,beef,
beef_short_ribs,beef,
beef_shin_parcel,bos_taurus,
beef_shin_parcel,beef,
beef_silverside,beef,
beef_shoulder,beef,
beef_sirloin,beef,
beef_sirloin_joint,beef,
beef_sirloin_tip,beef,
beef_skirt_steak,beef,
beef_snout,beef,
beef_sirloin_steak,beef,
beef_spleen,beef,
beef_steak,beef,
beef_stew_cuts,beef,
beef_stewing_steak,beef,
beef_stew_meat,beef,
beef_stomach,beef,
beef_subcutaneous_fat,beef,
beef_strips,beef,
beef_suet,beef,
beef_sweetbread,beef,
beef_strip_loin,beef,
beef_tail,beef,
beef_t_bone_steak_lean_cooked,beef,
beef_t_bone_steak_cooked,beef,
beef_t_bone_steak_grilled,beef,
beef_tenderloin,beef,
beef_tendon,beef,
beef_tenderloin_tip,beef_tenderloin,
beef_thymus,beef,
beef_top_loin_steak,beef,
beef_tenderloin_roast,beef,
beef_tongue,beef,
beef_top_round_steak,beef,
beef_top_round_steak,beef_round,
beef_tri_tip,beef,
beef_topside,beef,
beef_top_round_roast,beef,
beef_top_round,beef,
beef_top_round,beef_round,
beef_trim,beef,
beef_tripe,beef,
beef_udun,beef,
beef_trotter,beef,
beef_yangji_chadolbaki,beef,
beef_yangji_chimasa,beef,
beef_yangji_chimayangji,beef,
beef_yangji_chimayangji,bos_taurus,
beef_yangji_upjin_an_sal,beef,
beefsteak,beef,
beet_green,beet,
beet_sprouts,beet,
beet_sphere,beta_vulgaris,
beetroot_leaves,beetroot,
beetroot_stems,beetroot,
begonia_folium,begonia_fimbristipula,
bellflower_root,bellflower,
belly_bones,fish,
belly_pork,pork,
beluga_whale_eyes,beluga_whale,
beluga_whale_liver,beluga_whale,
beluga_whale_flipper,beluga_whale,
beluga_whale_meat_raw,beluga_whale,
bergamot_flowers,bergamot_orange,
bergamot_peel,bergamot,
berry_pepper,tasmanian_pepper_plant,
best_end,beef,
betel_leaf,piper_betle,
betel_nut,areca_palm,
bile,animal,
birch_leaves,birch_tree,
bird_carcass,poultry,
bird_meat,bird,
birds_nest,aerodramus_fuciphagus,
bison_lean_raw,bison,
bison_tenderloin,bison,
bitter_berries,prunus_virginiana,
bitter_gourd_leaves,bitter_gourd,
black_bear_meat,black_bear,
black_bone_chicken_egg,black_bone_chicken,
black_caraway,bunium_persicum,
black_coriander_seeds,coriander_plant,
black_hemp_seeds,hemp,
black_onion_seed,nigella_sativa,
black_pine_tree_needles,black_pine,
blackcurrant_leaves,blackcurrant,
blade_bone,beef,
blade_bones,sus_scrofa,
blade_bones,bos_taurus,
blade_steaks,beef_chuck,
blade_steaks,beef,
blood_orange_segments,blood_orange,
blood_sorrel_leaf,blood_sorrel,
blue_crabmeat,blue_crab,
blue_eye_trevalla_chop,blue_eye_trevalla,
blue_fenugreek_leaf,blue_fenugreek,
blue_fenugreek_seed,blue_fenugreek,
blue_mackerel_fillet,blue_mackerel,
blue_nasturtium_leaves,blue_nasturtium,
boiled_beef_heart,bos_taurus,
boiled_beef_lung,cattle,
boiled_quail_egg_white,quail_egg,
boiled_quail_egg_yolk,quail_egg,
bois_de_panama,quillaja_saponaria,
bombax_ceiba,bombax_ceiba_tree,
bone_in_pork_loin,pork,
bone_in_rib,sus_scrofa_domesticus,
bone_in_rib,rib_section,
bone_in_short_rib,cattle,
bone_in_skin_on_chicken_legs,chicken,
boned_chicken,chicken,
boneless_butterflied_murray_cod,murray_cod,
boneless_duck_legs,duck,
boneless_lamb_belly,lamb,
boneless_lamb_chops,sheep,
bonito_belly,bonito,
bonito_fillet,bonito,
bonito_loin,skipjack_tuna,
borage_bloom,borage,
borage_blossoms,borage,
borage_flower,borage,
borage_leaves,borage,
borage_root,borage,
boss,camel,
bottom_round_roast,cattle,
bowel,pork,
bowhead_whale_blubber,bowhead_whale,
brains,pork,
brains,beef,
braising_beef,beef,
brassica_flower,brassica,
brazil_nut,brazil_nut_tree,
breadfruit_seeds,breadfruit,
breadnut_seed,breadnut,
bream_offal_skin,bream,
bream_roe,bream,
breast_meat,chicken,
breast_milk,human,
brioche_dough_crown,brioche_a_tete,
brisket,bos_taurus,
broad_whitefish_liver,broad_whitefish,
broccoli_florets,broccoli,
broccoli_leaves,broccoli,
broccoli_sprouts,broccoli,
broccoli_stalks,broccoli,
broiler_chicken_parts,chicken,
broiler_chicken_parts,broiler_chicken,
brussels_sprout_leaf,brussels_sprout,
buchanania_lanzan,buchanania_lanzan_plant,
buckwheat_sprout,buckwheat,
buckwheat_whole_grain,buckwheat,
buddhas_hand_zest,buddhas_hand,
cacao_beans,cacao,
caillette,sheep,
calamari_eyes,squid,
calamari_tube,squid,
calettes,lamb,
calettes,sheep,
calf_foot,cattle,
calf_heart,cattle,
calf_liver,cattle,
calf_loet,bos_taurus,
calf_mesentery,cattle,
calf_stomach,cattle,
calf_tripe,beef,
calfs_blood,cattle,
calfs_foot,beef,
calfs_head,beef,
calfs_head,bos_taurus,
calorie_seed,sunflower,
calumpang_nut,sterculia_foetida,
calumpang_nuts,sterculia_foetida,
calves_feet,beef,
calyx,roselle,
camel_hump,camel,
camel_milk,camel,
canarium_nut,pili,
candle_nut,candlenut_tree,
cannabis_seed,cannabis_sativa,
cannabis_seeds,cannabis_sativa,
canola,brassica_napus,
canola_seeds,brassica_napus,
caper_berry,caper,
capon_flesh,capon,
capon_meat_skin_raw,capon,
caraway_seed,caraway,
caribou_bone_marrow,caribou,
caribou_eye,caribou,
caribou_head,caribou,
caribou_liver,caribou,
caribou_meat,caribou,
caribou_tongue,caribou,
carom_seed,carom,
carp_byproduct_fresh_intestine,carp,
carp_head,carp,
carp_lips,carp,
carrot_root_raw,carrot,
carrot_seed,carrot,
carrot_tip,carrot,
carrot_top,carrot,
cascarilla,croton_eluteria,
cashew_apple,cashew,
cashew_nut,cashew,
cassava_leaves,cassava,
cassava_root,cassava,
cassia,cinnamomum_cassia,
cassia_bark,cinnamomum_cassia,
cassia_bud,cinnamomum_cassia,
cassia_leaves,cinnamomum_tamala,
cat_tail,typha_latifolia,
catalpa_leaf,catalpa_ovata,
catfish_fillet,catfish,
cattail_shoots,typha_latifolia,
caul,pig,
cauliflower_florets,cauliflower,
cauliflower_stem,cauliflower,
celery_baton,celery,
celery_flower,celery,
celery_heart,celery,
celery_leaf,celery,
celery_seed,celery,
celery_slice,celery,
celery_sprout,celery,
celery_stalk,celery,
celery_stalk_with_leaves,celery,
celtuce_discs,celtuce,
celtuce_leaves,celtuce,
celtuce_stalk,celtuce,
celtuce_stick,celtuce,
chamdanggui_leaf_raw,chamdanggui,
chamdanggui_leaf_raw,angelica_gigas,
chamomile_greens,chamomile,
chamomile_leaf,chamomile,
channel_islands_milk,cow,
chaps,pork,
chard_green_stems,chard,
chard_stem,chard,
chard_stems,chard,
charnushka_seeds,nigella_sativa,
charolais_steak,bos_taurus,
chateaubriand,beef_tenderloin,
chateaubriand,cattle,
cheek_seabass,japanese_seabass,
cheeks,beef,
cherry_blossom_egg,gadus_macrocephalus,
cherry_blossom_petals,cherry_blossom,
chestnut_flesh,chestnut,
chestnut_skin,chestnut,
chestnuts_in_shell,chestnut_tree,
chia_seed,chia,
chia_seeds,salvia_hispanica,
chicken_backs_and_necks,chicken,
chicken_blood,chicken,
chicken_bones,chicken,
chicken_bones_giblets,chicken,
chicken_bones_trim,chicken,
chicken_carcass,chicken,
chicken_carcasses,chicken,
chicken_cartilage,chicken,
chicken_claws,chicken,
chicken_comb,chicken,
chicken_cubes,chicken,
chicken_dark_meat,chicken,
chicken_drumette,chicken,
chicken_drumette,chicken_wing,
chicken_drumstick,chicken,
chicken_feet,chicken,
chicken_foot,chicken,
chicken_giblets,chicken,
chicken_giblets_cooked,chicken,
chicken_giblets_raw,chicken,
chicken_gizzard,chicken,
chicken_halves,chicken,
chicken_heart,chicken,
chicken_leg,chicken,
chicken_leg_and_thigh,chicken,
chicken_leg_meat,chicken,
chicken_leg_quarter,chicken,
chicken_leg_quarters,chicken,
chicken_legs_and_thighs,chicken,
chicken_legs_thighs,chicken,
chicken_legs_wings_backs,chicken,
chicken_light_meat,chicken,
chicken_liver,chicken,
chicken_meat,chicken,
chicken_mixed_meat,chicken,
chicken_neck,chicken,
chicken_neck_back,chicken,
chicken_neck_cooked,chicken,
chicken_neck_raw,chicken,
chicken_offal,chicken,
chicken_parts,chicken,
chicken_piece,chicken,
chicken_pieces,chicken,
chicken_portions,chicken,
chicken_raw,chicken,
chicken_roasting_dark_meat_raw,chicken,
chicken_roasting_meat_raw,chicken,
chicken_roasting_meat_skin_cooked,chicken,
chicken_rotisserie_back,chicken,
chicken_skin,chicken,
chicken_skin_raw,chicken,
chicken_slices,chicken,
chicken_steak,chicken,
chicken_sternum,chicken,
chicken_stewing_light_meat_cooked,chicken,
chicken_stewing_light_meat_raw,chicken,
chicken_stewing_light_meat_raw,stewing_chicken,
chicken_stewing_whole_parts_raw,chicken,
chicken_supreme,chicken,
chicken_supremes,chicken,
chicken_tail,chicken,
chicken_tenders,chicken,
chicken_thigh,chicken,
chicken_thigh_cooked,chicken_thigh,
chicken_thigh_raw,chicken,
chicken_thighs_skin_on,chicken,
chicken_white_meat,chicken,
chicken_wing,chicken,
chicken_wing_cooked,chicken,
chicken_wing_quarter_raw,chicken_wing,
chicken_wing_quarter_raw,chicken,
chicken_wing_raw,chicken,
chicken_wing_tip,chicken,
chicken_wingtips,chicken,
chicory_greens,chicory,
chicory_half,belgian_endive,
chicory_heart,belgian_endive,
chicory_leaf,chicory,
chicory_root,chicory,
chile_pine_nut,araucaria_araucana,
chile_seed,chile_pepper,
chili_leaf,capsicum_annuum,
chili_seed,capsicum_annuum,
chili_seed_vein,chili_pepper,
chili_seed_vein,capsicum_annuum,
chilli_seeds,chilli_pepper,
china_root,smilax_glabra,
chine,beef,
chinese_mallow_root,chinese_mallow,
chinese_mallow_tender_shoot,chinese_mallow,
chitterling,pork,
chitterlings,pig,
chitterlings,pork,
chive_baton,spring_onion,
chive_blossom,garlic_chive,
chive_bud,allium_fistulosum,
chive_flowers,garlic_chives,
chive_stem,welsh_onion,
chive_tip,allium_fistulosum,
choke,artichoke,
chopped_mint_leaves,mint,
chopped_willow_young_leaves,willow,
choryl_leaf,chervil,
choy_sum_petals,choy_sum,
chrysanthemum_blossoms,chrysanthemum,
chrysanthemum_flower,chrysanthemum,
chrysanthemum_greens,garland_chrysanthemum,
chrysanthemum_leaf,glebionis_coronaria,
chrysanthemum_leaves,glebionis_coronaria,
chuck,beef,
chuck,cattle_shoulder,
chuck_eye_roast,beef_chuck,
chuck_eye_steak,beef_chuck,
chuck_eye_steak,bos_taurus,
chuck_roast,beef,
chutoro,bluefin_tuna,
ci_bamboo_shoot,neosinocalamus_affinis,
cicely_flowering_tips,cicely,
cicely_seed_pods,cicely,
cilantro,coriander,
cilantro_root,cilantro,
cilantro_stem,cilantro,
cilantro_stems,cilantro,
cinchona,cinchona_officinalis,
citron_zest,citron,
citrus_flesh,citrus,
citrus_halves,citrus,
citrus_peel,citrus_fruit,
citrus_pieces,citrus,
citrus_rind,citrus,
citrus_segment,citrus_fruit,
citrus_skins,citrus,
citrus_zest,citrus_fruit,
clam_meat,venerupis_philippinarum,
clamshell_mushroom_cap,clamshell_mushroom,
claw_meat,crab,
clover_stalk,medicago_polymorpha,
clover_stem,medicago_polymorpha,
cobia_fillet,cobia,
coca_leaf,coca,
cockchafer_grub,cockchafer,
coco_bean,theobroma_cacao,
cocoa_beans,cacao,
coconut_flesh,coconut,
coconut_inflorescence,coconut,
coconut_leaf,coconut,
coconut_meat_raw,coconut,
coconut_water,coconut,
cocos_ac_wyau,coconut,
cod_cheek,atlantic_cod,
cod_cheeks,atlantic_cod,
cod_fillet,atlantic_cod,
cod_head,cod,
cod_loin,cod,
cod_milt,cod,
cod_portion,cod,
cod_skin,cod,
cod_tongue,atlantic_cod,
cod_trimmings,cod,
coffee_bean,coffee_plant,
cogote,gadus_morhua,
cola_nut,cola_acuminata,
collar,fish,
combs,chicken,
common_barley_tender_shoots,common_barley,
common_rice_grain,oryza_sativa,
conger_bone,conger_eel,
conger_eel_bone,conger_eel,
conger_eel_bones,conger_eel,
coo_shell,cockle,
coppa,pig,
coq_organ,chicken,
coral_trout_collar,coral_trout,
coral_trout_fillet,coral_trout,
coral_trout_jowl,coral_trout,
coral_trout_throat,coral_trout,
coriander,coriander_plant,
coriander_bloom,coriander,
coriander_leaf,coriander,
coriander_root,coriander,
coriander_seed,coriander,
corn_bran,corn,
corn_cob,corn,
corn_grain,corn,
corn_husk,corn,
corn_kernels,sweet_corn,
corn_on_the_cob,sweet_corn,
corn_silk,corn,
corn_straw,corn,
corn_tender_shoot,corn,
cossack_asparagus,typha_latifolia,
costus,saussurea_costus,
cotelette_de_saumon,salmon,
cotton_buds,cotton,
cotton_seed,cotton,
cottonseed,cotton,
cottonseed_kernels,cottonseed,
cottonseed_kernels,gossypium_hirsutum,
cotyledons,legumes,
country_style_ribs,pig,
cow_meat,cow,
cow_udder,cattle,
cow_udder,bos_taurus,
cowpea_leaf,cowpea,
cowpea_leaves,cowpea,
cowpea_pods,cowpea,
crab_body,crab,
crab_brown_meat,crab,
crab_claw,crab,
crab_egg,crab,
crab_jelly,crab,
crab_meat,crab,
crab_roe,crab,
crab_stomach,crab,
crab_white_meat,crab,
crayfish_head,red_swamp_crayfish,
crayfish_legs,crayfish,
crayfish_meat,crayfish,
crayfish_parts,crayfish,
crayfish_parts,procambarus_clarkii,
crayfish_shell,crayfish,
crayfish_slices,crayfish,
crayfish_tail,crayfish,
crocodile_egg,crocodile,
crocodile_tail,crocodile,
crubeens,pork,
crustacean_shell,crustacean,
cubeb_peppercorn,piper_cubeba,
cucumber_center,cucumber,
cucumber_flesh,cucumber,
cucumber_flower,cucumber,
cucumber_seed,cucumber,
cucumber_skin,cucumber,
cucumber_with_flower,cucumber,
cumin_seed,cumin,
currant_bud,blackcurrant,
currant_shoots,blackcurrant,
curry_leaf,murraya_koenigii,
cuttlefish_caps,cuttlefish,
cycad_seeds,cycas_revoluta,
daikon_leaf,daikon,
daikon_radish_sprout,daikon_radish,
dandelion_green,dandelion,
dandelion_greens,dandelion,
dandelion_root,dandelion,
dark_meat_chicken,chicken,
darne,salmon,
date_palm_flower,date_palm,
daun_kunyit,turmeric,
daylily,hemerocallis_fulva,
daylily_sprout,daylily,
deboned_calf_foot,cattle,
deer_antler,deer,
deer_antler_velvet,deer,
deer_liver,red_deer,
deer_meat,red_deer,
deer_thigh,deer,
deodeok_root_raw,deodeok,
deulkkae_sprout_raw,perilla,
deulkkaennip_blanch,perilla_plant,
deulkkaennip_raw,perilla,
devilfish_meat,devilfish,
dha_enriched_egg,chicken,
diced_orange_peel,orange,
dill_leaves,dill,
dill_seed,dill,
dock_flowers,rumex_acetosa,
dogwood_flesh,dogwood,
dogwood_fruit,cornus_officinalis,
dogwood_leaves,cornus_officinalis,
donkey_milk,donkey,
doraji_root_raw,platycodon_grandiflorus,
dorsal_fillet,fish,
double_comb,chicken,
double_yolk_egg,chicken,
douglas_fir_sprigs,douglas_fir,
douglas_fir_twig,douglas_fir,
dragon_head_leaves,dracocephalum_moldavica,
dried_white_ginseng_root,imperata_cylindrica,
dried_white_ginseng_root,imperata_cylindrica_root,
drought_willow_catkins,salix_matsudana,
drumette,chicken_wing,
drumette,chicken,
drumstick_leaf,moringa_oleifera,
drumstick_leaves,moringa_oleifera,
drumstick_pod,moringa,
duck_blood,duck,
duck_bones_trim,duck,
duck_breast,duck,
duck_carcasses,duck,
duck_claws,duck,
duck_egg,duck,
duck_feet,duck,
duck_fillets,duck,
duck_foie_gras,duck,
duck_gizzard,duck,
duck_hearts,duck,
duck_leg,duck,
duck_leg_skin_and_fat,duck,
duck_leg_thigh,duck,
duck_legs,duck,
duck_liver,duck,
duck_meat,duck,
duck_meat_only_raw,duck,
duck_meat_skin,duck,
duck_meat_skin_raw,domestic_duck,
duck_neck,duck,
duck_neck_wing,duck,
duck_offal,duck,
duck_parts,duck,
duck_pieces,duck,
duck_skin,duck,
duck_skin_fat,duck,
duck_tails,duck,
duck_tenderloin,duck,
duck_tongue,duck,
duck_web,duck,
duck_wings,duck,
duck_with_skin,duck,
dunggeulle_leaf_raw,polygonatum_odoratum,
durian_flesh,durian,
edamame,soybean,
edible_linaria_flowers,linaria_vulgaris,
edible_pansies,pansy,
eel_bone,eel,
eel_bones,eel,
eel_byproduct_fresh_liver,japanese_eel,
eel_fillet,japanese_eel,
eel_flesh,eel,
eel_pearl,japanese_eel,
eel_skin,eel,
egg,chicken,
egg_white,chicken_egg,
egg_yolk,chicken_egg,
egg_yolk,chicken,
eggplant_leaf,eggplant,
egusi_seeds,cucumis_melo,
eiderduck,eider_duck,
elderflower,elder,
elecampane,inula_helenium,
elephant_foot,african_elephant,
elephant_foot,asian_elephant,
eleutherococcus_senticosus_buds,eleutherococcus_senticosus,
elk_tongue,elk,
elm_money,ulmus_pumila,
emperor_collar,emperor_fish,
emu_egg,emu,
emu_fan_fillet,emu,
emu_flat_fillet,emu,
emu_full_rump,emu,
emu_inside_drum_cooked,emu_inside_drum,
emu_inside_drum_raw,emu,
emu_meat,emu,
emu_outside_drum_raw,emu,
emu_oyster_raw,emu,
emu_top_loin,emu,
english_style_short_ribs,bos_taurus,
enoki_mushroom_tip,enoki_mushroom,
eringo_root,eryngium_maritimum,
escalope_de_homard,american_lobster,
evening_primrose_flowers,evening_primrose,
ewe_milk,sheep,
eye_of_round,beef,
eye_of_round,round,
eye_round_roast,cattle,
eyes,fish,
fat_particles,pork,
fat_pork,pork,
fatback,pork,
fatty_beef,bos_taurus,
fatty_beef_slice,beef,
fatty_beef_tenderloin,cattle,
fatty_pork,pig,
fatty_pork_slice,pig,
fatty_tuna,bluefin_tuna,
fava_beans_in_husk,fava_bean_plant,
fava_greens,fava_bean,
fava_leaf,fava_bean,
fennel_bloom,fennel,
fennel_bulb,fennel,
fennel_flower,fennel,
fennel_flowers,fennel,
fennel_frond,fennel,
fennel_pollen,fennel,
fennel_root,fennel,
fennel_seed,fennel,
fennel_sprouts,fennel,
fennel_stalk,fennel,
fenugreek_leaves,fenugreek,
fenugreek_seed,fenugreek,
fern_roots,bracken_fern,
fern_sprout,osmunda_japonica,
fertilized_egg,chicken,
ficoide_glaciale_leaves,ficoide_glaciale,
ficus_pumila,ficus_pumila_species,
fig_leaf,fig,
fig_leaves,fig,
filet,beef,
filet,pork,
filet_mignon,bos_taurus,
filets,fish,
fillet_steak,beef,
fir_cones,fir,
fireweed_young_leaves,fireweed,
fish_belly,fish,
fish_bladders,fish,
fish_collar,fish,
fish_eye,fish,
fish_fillet,fish,
fish_head,fish,
fish_meat,fish,
fish_milt,fish,
fish_roe,fish,
fish_scale,fish,
fish_scales,fish,
fish_skin,fish,
fish_slice,fish,
fish_spleen,fish,
fish_steak,fish,
fish_swim_bladder,fish,
fisnogge,gadus_morhua,
flank,beef,
flank_beef,beef,
flank_steak,bos_taurus,
flap_meat,beef,
flat_iron_steak,bos_taurus,
flaxseed,flax,
fleeceflower,reynoutria_multiflora,
fles_gra,duck,
fles_gra,goose,
flesh,fruit,
florets,brassica_oleracea,
flounder_bones,flounder,
flounder_fillet,flounder,
flounder_liver,flounder,
flounder_skin,flounder,
flower_petals,flower,
flower_stalk,allium_tuberosum,
flower_tops,broccoli_rabe,
flowering_chervil,chervil,
fluke_fillet,fluke,
flying_fish_roe,flying_fish,
foie_de_raie,skate,
foie_gras_lobe,domestic_goose,
foie_gras_slices,goose,
foot,pig,
forsythia_young_stem,forsythia_suspensa,
frog_legs,frog,
frog_meat,frog,
fruit_flesh,fruit,
fruit_segments,citrus_fruit,
fruit_segments,mango,
fruit_segments,melon,
fuchsia_berries,fuchsia_magellanica,
fuki,petasites_japonicus,
gai_lan_petals,gai_lan,
gaosun,zizania_latifolia,
garden_sorrel_leaves,garden_sorrel,
garden_sorrel_stems,garden_sorrel,
gardenia,gardenia_plant,
gardenia_flower,gardenia,
garfish_fillet,garfish,
garlic_blossom,garlic,
garlic_clove,garlic,
garlic_flower,garlic,
garlic_scape,garlic,
garlic_shoots,garlic,
garlic_sprout,garlic,
garlicwort,garlic,
geoduck_siphon,geoduck,
geranium_leaf,pelargonium_graveolens,
germ,wheat,
gigot_pascal,ovis_aries,
gill,fish,
gill_fish_section,fish,
gill_urchin,sea_urchin,
ginger_leaf,ginger,
ginger_leaves,ginger,
ginger_skin,ginger,
ginkgo,ginkgo_biloba,
ginkgo_nut,ginkgo,
ginseng,panax_ginseng,
ginseng_angelica_leaves,glehnia_littoralis,
ginseng_angelica_root,glehnia_littoralis,
giraffe_neck,giraffe,
globe_artichoke_heart,globe_artichoke,
goat_meat,goat,
goat_milk,goat,
gobo,burdock_root,
goji_berry,lycium_barbarum,
goji_leaf,lycium_chinense,
goldenrod_seedling,lysimachia_christinae,
goose_breast,goose,
goose_egg,goose,
goose_leg,goose,
goose_liver,goose,
goose_liver_raw,goose,
goose_meat,goose,
goose_meat_raw,goose,
goose_meat_raw_fat_skin,goose,
goose_meat_skin,goose,
goose_offal,goose,
goose_skin,goose,
goose_skin_and_fat,goose,
grains_of_selim,xylopia_aethiopica,
grape_hyacinth_bulb,muscari_comosum,
grape_leaf,grape,
grape_leaves,grape,
grape_seed,grape,
grape_skins,grape,
grapefruit_cells,grapefruit,
grapefruit_pith,grapefruit,
grapefruit_supremes,grapefruit,
grapefruit_zest,grapefruit,
grass_fed_beef_external_fat,bos_taurus,
grass_fed_beef_seam_fat,grass_fed_beef,
grass_fed_beef_seam_fat,beef,
grass_tree_heart,grass_tree,
gravy_beef,bos_taurus,
green_bamboo_shoot,bambusa_oldhamii,
green_bean,common_bean,
green_cardamom,cardamom,
green_coriander,coriander,
green_cucumber,cucumber,
green_garlic,garlic,
green_maple_leaves,acer_palmatum,
green_peas_unripe,pea,
green_peppercorn,piper_nigrum,
green_stalk,celery,
griskins,pig,
ground_squirrel_meat,ground_squirrel,
grouse_bone,grouse,
grouse_bones,grouse,
grouse_slice,grouse,
guava_peel,guava,
guinea_fowl_bones,guinea_fowl,
guinea_fowl_breast,guinea_fowl,
guinea_hen_liver_gizzard_heart,guinea_hen,
guinea_hen_meat_raw,guinea_hen,
gujigija_leaf,goji,
gujigija_shoot,lycium_chinense,
gukkwha_flower,chrysanthemum_morifolium,
gurnard_fillet,gurnard,
hake_cheeks,european_hake,
hake_raw_flesh,hake,
halibut_cheeks,halibut,
halibut_fillet,halibut,
halibut_raw_flesh,halibut,
halibut_raw_skin,halibut,
halibut_rectangles,halibut,
halibut_with_skin,halibut,
ham_hock,pig,
hamabofu_sprig,glehnia_littoralis,
hamachi_kama,hamachi,
hamachi_loin,hamachi,
hampe,pork,
hangar_meat,bos_taurus,
hanger_steak,beef,
hard_roe,fish,
hare_heart,hare,
hare_kidney,hare,
hare_legs,hare,
hare_liver,hare,
hare_loin,hare,
hawthorn_buds,chinese_hawthorn,
hazel_nut_leaf,hazel_nut,
hazelnut_half,hazelnut,
hazelnut_kernel,hazelnut,
hazelnuts_with_skin,hazelnut,
heart_of_palm,bactris_gasipaes,
heart_of_palm,euterpe_edulis,
heart_slice,beef,
heart_slice,pork,
hemp,cannabis_sativa,
hemp_leaves,hemp,
hemp_seed,cannabis_sativa,
hemp_seeds,hemp,
hermit_crab_tail,hermit_crab,
herring_fillet,herring,
herring_raw_flesh,herring,
herring_roe,herring,
herring_skin,herring,
hibiscus_flower,roselle,
hibiscus_petals,hibiscus,
hickory_nut,carya_cathayensis,
hip_steak,bos_taurus,
hoba_leaves,magnolia_obovata,
hog_casing,pork,
hog_casings,pig,
hog_jowls,pork,
hog_stomach,hog,
hop_flowers,hop,
hop_shoot,hop,
horse_fat,horse,
horse_liver,horse,
horseradish_leaves,horseradish,
horseradish_raw,horseradish,
horseradish_root,horseradish,
hough,beef,
hua_jiao_ya,hua_jiao,
human_milk,human,
human_milk_colostrum,human,
human_milk_mature,human,
human_milk_transitional,human,
hump,camel,
iguana_meat,iguana,
illipe_nut,shorea_stenoptera,
indian_wood,curcuma_longa,
intercostal_meat,beef,
interlaced_creeper,fallopia_multiflora,
intestine,pork,
intestine_skins,pork,
intestine_skins,lamb,
iodine_enriched_egg,chicken,
jagallo_nero_tips,black_kale,
jamaican_pepper,pimenta_dioica,
jasmine,jasmine_plant,
jasmine_flowers,jasmine,
jaw,pork,
jerusalem_artichoke_skin,jerusalem_artichoke,
john_dory_chunk,john_dory,
john_dory_fillets,john_dory,
john_dory_roe_sack,john_dory,
jonah_crab_claws,jonah_crab,
jowl,pig,
jujube_flesh,jujube,
jujube_seed,ziziphus_jujuba_var_spinosa,
juniper_berries,common_juniper,
juniper_berry_skin,juniper_berry,
juniper_needles,juniperus_communis,
juniper_skin,juniper,
jute_leaf,corchorus_olitorius,
jute_leaves,jute,
kaffir_lime_leaves,kaffir_lime,
kamasu_bones,kamasu,
kamo_duck,mallard,
kapok_tree_fruit,kapok_tree,
kebab_meat,sheep,
kebab_meat,cattle,
kelp_fronds,kelp,
king_crab_leg,red_king_crab,
king_prawn_head,king_prawn,
king_prawn_shell,penaeus_monodon,
king_salmon_fillet,king_salmon,
king_salmon_liver,king_salmon,
kingfish_fillet,mahi_mahi,
kingfish_hearts,kingfish,
kingfish_spleens,yellowtail_amberjack,
kinome,zanthoxylum_piperitum,
kinome_leaf,zanthoxylum_piperitum,
kippered_king_salmon_skin,king_salmon,
kiwi_flesh_raw,kiwi,
kiwifruit_seeds,kiwifruit,
kochia,kochia_scoparia,
koji_spores,aspergillus_oryzae,
kola_nut,cola_nitida,
korean_honeysuckle,lonicera_japonica,
kuzu_leaves,kuzu,
kwem,cassava,
kyara,aquilaria_malaccensis,
kyurdyuk,sheep,
kyurdyuk,fat_tailed_sheep_tail,
lamb_belly,lamb,
lamb_best_end_neck_cutlets,ovis_aries,
lamb_best_end_neck_cutlets,lamb_neck,
lamb_bones_trim,lamb,
lamb_brain,sheep,
lamb_brain_raw,sheep,
lamb_breast,lamb,
lamb_chop,ovis_aries,
lamb_chump_chops,lamb,
lamb_chump_steaks,lamb,
lamb_cubes,sheep,
lamb_fat,lamb,
lamb_fat_raw,lamb,
lamb_feet,lamb,
lamb_foot,lamb,
lamb_head,lamb,
lamb_heart,lamb,
lamb_heart_raw,lamb,
lamb_intermuscular_fat_cooked,lamb,
lamb_kidney,lamb,
lamb_lean_only,lamb,
lamb_leg,lamb,
lamb_leg_chops,ovis_aries,
lamb_leg_chops,lamb_leg,
lamb_leg_half_fillet,lamb_leg,
lamb_leg_half_knuckle,lamb,
lamb_leg_joint,ovis_aries,
lamb_leg_on_bone,lamb,
lamb_leg_steaks,lamb,
lamb_leg_steaks,lamb_leg,
lamb_leg_whole,lamb,
lamb_liver,lamb,
lamb_liver_raw,sheep,
lamb_liver_raw_nz,lamb,
lamb_loin,lamb,
lamb_loin_chop,lamb,
lamb_loin_chops,lamb,
lamb_loin_joint,lamb,
lamb_loin_leg,lamb,
lamb_loups,lamb,
lamb_lung,lamb,
lamb_neck,lamb,
lamb_neck,ovis_aries,
lamb_neck_breast,lamb,
lamb_neck_fillet,lamb,
lamb_offal,lamb,
lamb_pancreas_raw,lamb,
lamb_pieces,lamb,
lamb_rack,lamb,
lamb_rib,lamb,
lamb_rib_chop,ovis_aries,
lamb_saddle,sheep,
lamb_saddle,lamb,
lamb_seam_fat_raw,lamb,
lamb_shank,lamb,
lamb_shoulder,lamb,
lamb_shoulder_roast,lamb,
lamb_spleen,lamb,
lamb_stewing,ovis_aries,
lamb_subcutaneous_fat,lamb,
lamb_subcutaneous_fat_cooked,lamb,
lamb_suet,lamb,
lamb_sweetbread,sheep,
lamb_tenderloin,lamb,
lamb_tenderloins,lamb,
lamb_testes_raw,lamb,
lamb_tongue,lamb,
lamb_tongue_swiss_cut_raw,lamb,
lamb_trim,lamb,
lamb_trim_bone,lamb,
lamb_trimmings,lamb,
lampascioni,leopoldia_comosa,
langoustine_head,langoustine,
lanzhou_lily_bulb,lanzhou_lily,
laotian_caviar,oecophylla_smaragdina,
large_grain_barley_tender_shoots,barley,
lavender_flower,lavender,
lavender_petals,lavender,
leaf,plant,
leaf_carrot,carrot,
leaf_sorrel,sorrel,
lean_beef,cattle,
lean_beef_boiling,bos_taurus,
lean_pork,pig,
lean_veal_trim,veal,
leek_green,leek,
leek_white_part,leek,
leg_meat,pork,
leg_of_beef,beef,
leg_of_lamb,lamb,
lemon_blossom,lemon,
lemon_flesh,lemon,
lemon_peel,lemon,
lemon_peel_baton,lemon,
lemon_peels,lemon,
lemon_quarter,lemon,
lemon_slice,lemon,
lemon_thyme_flowers,lemon_thyme,
lemon_thyme_tops,lemon_thyme,
lemon_zest,lemon,
lemongrass_baton,lemongrass,
leopard_seal_brains,leopard_seal,
lettuce_cups,lettuce,
lettuce_foot,lettuce,
lettuce_heart,lettuce,
lettuce_leaf,lettuce,
lettuce_slice,celtuce,
lettuce_stem,celtuce,
licorice,glycyrrhiza_glabra,
licorice_root,glycyrrhiza_glabra,
licorice_sprout,licorice,
light_bamboo,phyllostachys_glauca,
light_meat_chicken,chicken,
lights,pork,
lights,beef,
lights,lamb,
lily_bulb,lilium_lancifolium,
lily_flower,lilium,
lily_root,lilium_davidii,
lime_flower,linden_tree,
lime_peel,lime,
lime_zest,lime,
linden_flower,linden_tree,
linseed,flax,
lobster_carapace,lobster,
lobster_claws,american_lobster,
lobster_coral,homarus_americanus,
lobster_heads,american_lobster,
lobster_knuckles,american_lobster,
lobster_meat,american_lobster,
lobster_parts,american_lobster,
lobster_roe,lobster,
lobster_shell,lobster,
lobster_slice,american_lobster,
lobster_tail,american_lobster,
loin,pig,
loin_chops,pig_loin,
loin_chops,pork,
loin_slice,pork_loin,
long_tooth_lily_bulb,long_tooth_lily,
long_tooth_lily_bulb,lilium_brownii_var_viridulum,
loquat_flesh,loquat,
loquat_leaf,loquat,
lotus_communis,nelumbo_nucifera,
lotus_leaf,lotus,
lotus_plumule,lotus_seed,
lotus_plumule,nelumbo_nucifera,
lotus_root,lotus,
lotus_seed,lotus,
lotus_stem,lotus,
louis_style_spare_rib,pig,
lovage_herb,lovage,
lump,blue_crab,
lung,mammal,
lychee_flesh,lychee,
ma_bamboo_shoot,ma_bamboo,
mace,nutmeg,
mackerel_fillet,atlantic_mackerel,
mackerel_heart,mackerel,
mackerel_steak,atlantic_mackerel,
madia_seeds,madia_sativa,
magnolia_bud,magnolia_biondii,
magnolia_leaf,magnolia,
magret,duck,
maize_husk,maize,
maize_leaf,maize,
maize_stalks,maize,
male_deer_genitalia,red_deer,
mallard_duck_leg,mallard_duck,
mallow_leaves,mallow,
mallow_shoots,mallow,
mallow_stalks,mallow,
mammie_apple_flesh,mammee_apple,
manchon,duck_wing,
manchon,duck,
mandarin_peel,mandarin,
mandarin_segments,mandarin,
mandarin_zest,mandarin,
mango_slices,mango,
mangosteen_flesh,mangosteen,
manketti_nut,schinziophyton_rautanenii,
mantle,squid,
mantle,cuttlefish,
mao_bamboo_shoot,phyllostachys_edulis,
maple_sap,sugar_maple,
mare_milk,horse,
marigold_leaf,tagetes_erecta,
marigold_petals,marigold,
marjoram_flowers,marjoram,
marrow,beef,
marrow_bone,beef,
marrow_piece,beef,
marrow_piece,cattle,
marshmallow_root,althaea_officinalis,
mashu_root,mashua,
matambre,bos_taurus,
meat_breast,chicken,
meg,nutmeg,
melon_no_seeds,melon,
melon_rind,watermelon,
melon_rind,melon,
melon_seed,melon,
mesquite,prosopis,
meyer_lemon_zest,meyer_lemon,
micro_cilantro_sprouts,cilantro,
micro_parsley,parsley,
micro_sorrel,sorrel,
micro_thai_basil,thai_basil_plant,
mignons,beef,
milk,cattle,
milkweed_bud,metaplexis_japonica,
milkweed_fruit,metaplexis_japonica,
milky_maize,maize,
millet_bran,millet,
millet_whole_grain,foxtail_millet,
mitsuba_stems,mitsuba,
mixed_mustard_leaves,brassica_juncea,
monkey_brains,monkey,
monkey_bread_fruit,adansonia_digitata,
monkey_glands,monkey,
monkey_pot_nuts,lecythis_ollaria,
monkey_puzzle_nut,monkey_puzzle_tree,
monkfish_liver,monkfish,
monkfish_loin,monkfish,
monkfish_medallion,monkfish,
monkfish_tail,monkfish,
moonfish_flesh,moonfish,
moose_meat_raw,moose,
moringa_leaves,moringa,
moringa_pods,moringa,
moulard_duck_legs,moulard_duck,
mugongo_nut,schinziophyton_rautanenii,
mulberry_leaves,white_mulberry,
mullet_fillet,mullet,
murray_cod_chops,murray_cod,
murray_cod_cobia_hake_fat,murray_cod,
murray_cod_cobia_hake_fat,cobia,
murray_cod_cobia_hake_fat,hake,
murray_cod_fat,murray_cod,
muscle_adducteur,scallop,
mushroom_cap,agaricus_bisporus,
mushroom_gills,agaricus_bisporus,
mushroom_stem,agaricus_bisporus,
muskrat_meat_raw,muskrat,
mustard_flower,mustard_greens,
mustard_flowers,mustard_plant,
mustard_green_sprouts,mustard_greens,
mustard_microgreens,mustard_plant,
mustard_seed,mustard_plant,
mustard_seeds,sinapis_alba,
mustard_seeds,brassica_juncea,
mustard_sprouts,mustard_greens,
mustard_tops,mustard_greens,
mutton,sheep,
mutton_chops,sheep,
mutton_collar,sheep,
mutton_loin,mutton,
mutton_scrag,mutton,
mutton_shoulder,sheep,
myoga,zingiber_mioga,
myoga_bud,myoga,
myrrh,commiphora_myrrha,
nagoya_chicken_egg,nagoya_cochin_chicken,
nanohana_shoots,nanohana,
napa_cabbage_sprouts,napa_cabbage,
nara_oak,quercus_serrata,
narrow_leaf_cattail_shoots,narrow_leaf_cattail,
narwhal_tusk,narwhal,
nasturtium_buds,nasturtium,
nasturtium_flower,nasturtium,
nasturtium_leaf,nasturtium,
nasturtium_petal,nasturtium,
nasturtium_seeds,nasturtium,
nasturtium_stem,nasturtium,
native_chicken_breast,native_chicken,
native_chicken_leg,native_chicken,
neck_bone,pork,
neck_meat,pork,
neck_of_lamb,lamb,
nectar,flower,
nelumbo,lotus,
nepal_pepper,zanthoxylum_armatum,
nepitella_flower,nepitella,
nettle_leaf,nettle,
nettle_stem,nettle,
nettle_tops,stinging_nettle,
nettle_tops,urtica_dioica,
network,pig,
network,sheep,
network,cattle,
new_guinea_asparagus,saccharum_edule,
new_york_strip_steaks,beef,
new_zealand_spinach,new_zealand_spinach_plant,
newt_meat,andrias_davidianus,
nigella_seed,nigella_sativa,
nightingale_tongue,common_nightingale,
nopal,opuntia_ficus_indica,
nopales,opuntia_ficus_indica,
northern_pike_liver,northern_pike,
notoginseng,panax_notoginseng,
nubuga_bulbs,cyperus_esculentus,
nuka,rice,
nurujangnamu_leaf_raw,clerodendrum_trichotomum,
nurukchi_leaf_blanch,pleurospermum_kamtschaticum,
nurukchi_stem_raw,pleurospermum_kamtschaticum,
nut_grass,cyperus_rotundus,
nutmeg,myristica_fragrans,
nèle,salix_babylonica,
oak,oak_tree,
oak_acorns,oak,
oak_leaves,oak,
oak_twigs,oak,
oak_wood,oak_tree,
oat_husks,oat,
oat_straw,oat,
oats_outer_layer_polished_raw,oats,
ocean_sea_trout_fillet,ocean_sea_trout,
octopus_arm,octopus,
octopus_suckers,octopus,
octopus_tentacle,octopus,
okari_nuts,terminalia_kaernbachii,
okaze,batoidea,
onion_end,onion,
onion_flesh,onion,
onion_half,onion,
onion_head,onion,
onion_heart,onion,
onion_layer,onion,
onion_skin,onion,
onion_slice,onion,
onion_sprout,onion,
onion_trimmings,onion,
opah_fillet,opah,
orach_tip,orach,
orange_flesh,orange,
orange_flower,citrus_aurantium,
orange_peel,orange,
orange_rind,orange,
orange_slices,orange,
orange_zest,orange,
osmanthus,osmanthus_fragrans,
osso_bucco,beef,
osso_buco,bos_taurus,
ostrich_fan,ostrich,
ostrich_leg_raw,ostrich,
ostrich_meat,ostrich,
ostrich_outside_leg,ostrich,
ostrich_outside_strip,ostrich,
ostrich_oyster,ostrich,
ostrich_oyster_cooked,ostrich,
ostrich_round_raw,ostrich,
ostrich_strip_raw,ostrich,
ostrich_tenderloin_raw,ostrich,
ostrich_tip_raw,ostrich,
ostrich_tip_trimmed,ostrich,
otoro,atlantic_bluefin_tuna,
owl_meat,owl,
ox_cheek,bos_taurus,
ox_heart,ox,
ox_heart_raw,cattle,
ox_heart_raw,beef,
ox_liver,cattle,
ox_muzzle,cattle,
ox_muzzle,beef,
ox_tail,beef,
ox_tongue,cattle,
ox_tongue,beef,
oxalis_flower,oxalis,
oxalis_leaves,oxalis,
oxalis_roots,oxalis_tuberosa,
oxalis_stems_and_leaves,oxalis,
oyster_frills,oyster,
oyster_gill,oyster,
oyster_halves,oyster,
oyster_liquor,oyster,
oyster_meat,pacific_oyster,
oyster_shell,oyster,
oysterblade,cattle,
pacaya,chamaedorea_tepejilote,
pacific_herring_roe,pacific_herring,
palm_fruit,oil_palm,
palm_heart,euterpe_edulis,
palm_inflorescence,coconut,
palm_sap,borassus_flabellifer,
palmetto,euterpe_edulis,
pancreas,pork,
pancreas,beef,
pandan_leaf,pandan,
panoufle,sheep,
papaya_seed,papaya,
para_pine_nut,araucaria_angustifolia,
parsley_stem,parsley,
parsley_stems,parsley,
passion_fruit_pulp,passion_fruit,
passion_fruit_rind,passion_fruit,
passion_fruit_seeds,passion_fruit,
patra_leaves,banana,
pea_blossom,pea,
pea_flower_petals,pea,
pea_pod,pea,
pea_shoot,pisum_sativum,
peach_kernel,peach,
peach_palm_fruit,peach_palm,
peacock_tongue,peacock,
peaked_crabmeat,snow_crab,
pearl_barley_tender_shoots,barley,
penguin_egg,penguin,
pepper_leaf,capsicum_annuum,
pepper_leaves,capsicum_annuum,
pepper_seed,chili_pepper,
pepper_sprout,capsicum_annuum,
pepperberry,tasmannia_lanceolata,
peppercorn_skin,black_pepper,
peppercorn_sprout,zanthoxylum_bungeanum,
perilla_fruit,perilla,
perilla_leaf,perilla,
perilla_seed,perilla,
perilla_seedling,perilla,
persimmon_leaves,persimmon,
petals,rose,
petals,violet,
pettitoes,pork,
pheasant_breast,pheasant,
pheasant_leg_raw,pheasant,
pheasant_meat,pheasant,
pheasant_meat_skin,pheasant,
pheasant_skin,pheasant,
phellodendron_amurense_root,phellodendron_amurense,
picnic_shoulder_roast,pork_shoulder,
picnic_shoulder_roast,pig,
pig_bladder,pig,
pig_blood,pig,
pig_cheek,pig,
pig_ear,pig,
pig_face,pig,
pig_feet,pig,
pig_head,pig,
pig_heart,pig,
pig_heart_raw,pig,
pig_intestine,pig,
pig_knuckle,pig,
pig_liver,pig,
pig_lung,pig,
pig_net_oil,pig,
pig_offal,pig,
pig_shoulder,pig,
pig_snout,pig,
pig_stomach,pig,
pig_tail,pig,
pig_tripe,pig,
pig_trotter,pig,
pig_udder,pig,
pigeon_bone,pigeon,
pigeon_bones,pigeon,
pigeon_breast,pigeon,
pigeon_meat,pigeon,
pike_fillet,pike,
pike_roe,northern_pike,
pili_nut,pili,
pili_nuts,canarium_ovatum,
pine_bud,pinus_sylvestris,
pine_cones,pine,
pine_kernels,pinus_koraiensis,
pine_needles,pine,
pine_root,pine,
pine_shoot,pine,
pine_sprigs,pine,
pineapple_slices,pineapple,
pistachio_halves,pistachio,
pistachio_nuts_whole,pistachio,
pith,citrus,
pitpit,saccharum_edule,
plaice_fillet,plaice,
plantain_leaf,plantago_major,
plover_egg,plover,
plum_kernel,plum,
poke_salad,phytolacca_americana,
pokeberry_shoots,pokeberry,
pokeweed_shoot,pokeweed,
polar_bear_meat,polar_bear,
pollock_roe,pollock,
polygonum,smartweed,
pomegranate_cells,pomegranate,
pomegranate_peel,pomegranate,
pomegranate_seeds,pomegranate,
pomegranate_zest,pomegranate,
pond_lily_tuber,pond_lily,
popcorn_kernels,popcorn,
poppy,opium_poppy,
poppy_seed,papaver_somniferum,
porcini_cap,porcini,
porcini_stem,porcini,
poria_cocos,wolfiporia_extensa,
pork_back_ribs,pork,
pork_backfat,pork,
pork_barding,pork,
pork_belly,domestic_pig,
pork_blood,pork,
pork_bones,pork,
pork_brain,pork,
pork_butt,pig,
pork_carcass,pig,
pork_cartilage,pork,
pork_caul_fat,pig,
pork_cecum_raw,pork,
pork_cheek_oyster,pork,
pork_chop,pig,
pork_coppa,pig,
pork_crown_roast,pig,
pork_crown_roast,pork_rib_loin,
pork_cutlet,pig,
pork_fat_cubes,pork,
pork_ham_joint,pig,
pork_ham_leg,pig,
pork_heart,pork,
pork_heart_raw,pork,
pork_hock,pig,
pork_intestine,pork,
pork_intestine_cooked,pig,
pork_intestine_large,pork,
pork_intestine_raw,pig,
pork_intestine_small,pork,
pork_intestines,pork,
pork_jowl,pig,
pork_kidney,pork,
pork_kidney_raw,pork,
pork_kidneys,pork,
pork_knuckle,pig,
pork_lean,pork,
pork_leg,pork,
pork_leg_steak,pig_leg,
pork_leg_steak,pork,
pork_liver,pork,
pork_liver_raw,pork,
pork_loin,pork,
pork_loin_chops,pig,
pork_loin_medallions,pig,
pork_loin_roast,pig,
pork_loin_steaks,pig,
pork_loin_steaks,pork_loin,
pork_lung_cooked,pork,
pork_lung_raw,pork,
pork_lungs,pork,
pork_meat,pig,
pork_neck,pig,
pork_offal,pork,
pork_pancreas,pork,
pork_pancreas_raw,pork,
pork_pancreas_raw,sus_scrofa_domesticus,
pork_pieces,pork,
pork_plugger,pork,
pork_rack,pig,
pork_rectum_raw,pig,
pork_rectum_raw,pork,
pork_rib,pig,
pork_rib_roast,pig,
pork_ribs_chops,pig,
pork_rind,pig,
pork_separable_fat,pork,
pork_shoulder,pork,
pork_shoulder_bones,pig,
pork_shoulder_bones,pork_shoulder,
pork_shoulder_steaks,pig,
pork_sirloin,pig,
pork_skin,pork,
pork_slices,pig,
pork_small_intestine_raw,pork,
pork_spleen,pork,
pork_spleen_raw,pork,
pork_stomach,pork,
pork_stomach_raw,pig,
pork_suet,pork,
pork_tail,pork,
pork_throat,pig,
pork_tongue,pork,
pork_trim,pork,
pork_trimmings,pig,
pork_trotter_raw,pork,
pork_uterus_raw,pork,
porpoise_meat,porpoise,
porterhouse_steak,bos_taurus,
porterhouse_steaks,bos_taurus,
porterhouse_steaks,beef_loin,
portobello_mushroom_gills,portobello_mushroom,
potato_peel,potato,
potato_skin,potato,
potato_skins,potato,
poularde_breast,chicken,
poultry_blood,chicken,
poultry_blood,duck,
poultry_leg,chicken,
poultry_liver,chicken,
poultry_liver,duck,
poultry_liver,goose,
poultry_liver,turkey,
prawn_antennae,prawn,
prawn_head,prawn,
prickly_pepper_cactus,opuntia_cactus,
prime_cut,beef,
psoralea_corylifolia,psoralea_corylifolia_plant,
pueraria_flower,kudzu,
pueraria_root,kudzu,
pufferfish_bones,pufferfish,
pufferfish_liver,pufferfish,
pufferfish_meat,pufferfish,
pufferfish_milt,pufferfish,
pumpkin_flesh,pumpkin,
pumpkin_flower,pumpkin,
pumpkin_flowers,pumpkin,
pumpkin_leaf,pumpkin,
pumpkin_leaves,pumpkin,
pumpkin_pulp,pumpkin,
pumpkin_seed,pumpkin,
pumpkin_shoots,pumpkin,
pumpkin_slices,pumpkin,
pumpkin_sprout,pumpkin,
puntarelle_tip,puntarelle,
purple_taro_stem,colocasia_esculenta,
purslane_stems,purslane,
quahog_meat,quahog,
quail_bones,quail,
quail_breast,quail,
quail_breast_raw,japanese_quail,
quail_breasts,quail,
quail_egg,quail,
quail_egg_white,quail_egg,
quail_egg_white,japanese_quail,
quail_egg_yolk,quail_egg,
quail_egg_yolk,Coturnix_japonica,
quail_hearts,quail,
quail_leg_meat,quail,
quail_legs,quail,
quail_livers,quail,
quail_meat,quail,
quail_meat_raw,japanese_quail,
quail_meat_skin_raw,quail,
quail_yolk,quail_egg,
quail_yolk,quail,
quasi,veal,
quill,squid,
quilty_tail_ray,ray,
r_cynosbati,rosa_canina,
rabbit_bones,rabbit,
rabbit_carcasses,rabbit,
rabbit_fillets,rabbit,
rabbit_kidneys,rabbit,
rabbit_leg_meat,rabbit,
rabbit_legs,rabbit,
rabbit_liver,rabbit,
rabbit_loin,rabbit,
rabbit_meat_raw,rabbit,
rabbit_offal,rabbit,
rabbit_saddle,rabbit,
rabbit_shoulders,rabbit,
rabbit_thigh,rabbit,
rabbit_thighs,rabbit,
rack,beef,
rack_bones,pork,
rack_chop,pork,
rack_chop,lamb,
rack_of_lamb,sheep,
rack_of_mutton,mutton,
radish_green,radish,
radish_greens,radish,
radish_leaves,radish,
radish_root,radish,
radish_seed,radish,
radish_sprout,radish,
radish_sprouts,radish,
radish_tops,radish,
rainbow_trout_fillet,rainbow_trout,
rambutan_flesh,rambutan,
ramp_bottom,ramp,
ramp_bulb,ramp,
ramp_greens,ramps,
rampion,campanula_rapunculus,
ramson_leaves,allium_ursinum,
ramson_stems,ramsons,
ranidae,frog,
rape_blossoms,rapeseed,
rape_leaf,brassica_napus,
rape_leaves,rapeseed,
rape_seed,rape_plant,
rape_sprout,rapeseed,
rape_stem,rape,
rapeseed,brassica_napus,
rautanenii_nut,schinziophyton_rautanenii,
raw_calf_liver,cattle,
raw_caribou_hind_quarter,caribou,
raw_chestnut_kernels,castanea_sativa,
raw_chicken_liver,chicken,
raw_cod_fillet,raw_cod,
raw_duck_egg,duck,
raw_duck_meat,duck,
raw_egg_white,chicken_egg,
raw_egg_yolk,chicken_egg,
raw_haddock_fillet,haddock,
raw_lamb_kidney,lamb,
raw_lamb_liver,lamb,
raw_lobster_butter,american_lobster,
raw_mackerel_flesh,atlantic_mackerel,
raw_mushroom_cap,agaricus_bisporus,
raw_mustard_leaves,mustard_plant,
raw_ox_kidney,bos_taurus,
raw_ox_liver,cattle,
raw_pig_kidney,pig,
raw_pig_liver,pig,
raw_quail_egg,japanese_quail,
raw_rice,rice,
raw_sweetcorn_kernels,sweetcorn,
raw_turkey_egg,turkey,
ray_fillet,ray,
ray_liver,ray,
ray_wings,ray,
razor_clam_piece,razor_clam,
red_apple_skin,red_apple,
red_bisio_bud,red_shiso,
red_cabbage_sprouts,red_cabbage,
red_flesh_tuna,bluefin_tuna,
red_mullet_filets,red_mullet,
red_sashimi_stem,persicaria_hydropiper,
red_snapper_raw,red_snapper,
red_veined_sorrel_leaves,red_veined_sorrel,
reed_tripe,cattle,
regular_cutlet,pork,
rehmannia,rehmannia_glutinosa,
rehmannia_root,rehmannia_glutinosa,
reina_de_la_noche,epiphyllum_oxypetalum,
reindeer_milk,reindeer,
renkon,nelumbo_nucifera,
reserved_fish,fish,
rhinoceros_axilla,rhinoceros,
rhubarb_stalk,rhubarb,
rhubarb_stems_raw,rhubarb,
rib_eye,bos_taurus,
rib_loin_chop,pig,
rib_loin_chop,loin,
rib_loin_chop,rib,
rib_of_beef,beef,
rib_or_loin_chops,sus_scrofa_domesticus,
rib_roast,bos_taurus,
rib_roast,beef_rib,
rice_flesh_pork,pig,
rice_grass_sprout,typha_latifolia,
ricinodendron_nut,ricinodendron_heudelotii,
rind,citrus,
ringed_seal_liver,ringed_seal,
ringed_seal_meat,ringed_seal,
ripe_mango_flesh,mango,
roasting_chicken_whole,chicken,
rocket_flower,eruca_sativa,
roe,fish,
romanesco_stalk,romanesco,
room_temperature_egg_yolk,chicken,
rooster_comb,chicken,
rooster_testicles,chicken,
rose_geranium_leaves,rose_geranium,
rose_geranium_petals,rose_geranium,
rose_hip,rose,
rose_petal,rose,
rosemary_branches,rosemary,
round_tip,beef_round,
round_tip,bos_taurus,
ruby_grapefruit_supremes,ruby_grapefruit,
ruffed_grouse_breast_raw,ruffed_grouse,
rump,beef,
rump_steak,beef,
rush_nut,juncus_effusus,
rye_berries,rye,
saddle,sheep,
saddle,red_deer,
safflower_leaf,safflower,
safflower_seed,safflower,
sage_flowers,sage,
saka_saka,cassava,
salad_leaves,lettuce,
salmon_fillet,salmon,
salmon_fillet_skin_on,atlantic_salmon,
salmon_heads,atlantic_salmon,
salmon_pieces,salmon,
salmon_rectangle,atlantic_salmon,
salmon_roe,salmon,
samphire_stems,samphire,
sandalwood,santalum_album,
sansho_flower,japanese_pepper,
sansho_floweret,sansho,
sansho_leaf,sansho,
sansho_seed,zanthoxylum_piperitum,
sapote_kernels,mamey_sapote,
sapote_seed,sapodilla,
sarsaparilla,smilax_glabra,
sassafras_leaves,sassafras,
sassafras_root,sassafras,
sbiso_floweret,shiso,
scales_fish,fish,
scallion_sprout,scallion,
scallion_white,scallion,
scallion_white_part,scallion,
scallop_adductor,scallop,
scallop_discs,scallop,
scallop_muscle,scallop,
scallop_roe,scallop,
scallop_slice,scallop,
scallop_trimmings,scallop,
scrag_end,lamb,
scrag_end,sheep,
scrod_fillet,atlantic_cod,
sea_bass_bone,sea_bass,
sea_bass_fillet,european_sea_bass,
sea_bass_flesh,sea_bass,
sea_bass_portion,european_sea_bass,
sea_bream_head,red_sea_bream,
sea_bream_liver,sea_bream,
sea_bream_milt,sea_bream,
sea_bream_skin,sea_bream,
sea_cucumber_intestine,sea_cucumber,
sea_cucumber_roe,sea_cucumber,
sea_cucumbers_flower,sea_cucumber,
sea_eel_pieces,sea_eel,
sea_lion_heart,california_sea_lion,
sea_lion_kidney,california_sea_lion,
sea_lion_liver,sea_lion,
sea_urchin_roe,sea_urchin,
sea_urchin_tongues,sea_urchin,
seal_meat,seal,
seeded_ancho_chile_flesh,ancho_chile,
selim_pepper,xylopia_aethiopica,
sen,nelumbo_nucifera,
sesame,sesame_plant,
sesame_leaf,sesame,
sesame_tender_shoots,sesame,
sesbania_flower,sesbania_grandiflora,
shark_fin,shark,
shark_roe,shark,
shark_skin,shark,
shea_nut,shea_tree,
sheep_blood,sheep,
sheep_casing,sheep,
sheep_fat,sheep,
sheep_feet,sheep,
sheep_head,sheep,
sheep_intestine,sheep,
sheep_intestines,sheep,
sheep_kidney,sheep,
sheep_liver,sheep,
sheep_milk,sheep,
sheep_offal,sheep,
sheep_stomach,sheep,
sheep_tail_fat,sheep,
sheep_tongue,sheep,
sheep_tripe,sheep,
sheep_trotters,sheep,
shell_steak,beef,
shiitake_cap,shiitake,
shiitake_stem,shiitake,
shin,beef,
shin_marrow_parcel,cattle,
shirako,gadus_macrocephalus,
shiso_bud,shiso,
shiso_flower,shiso,
shiso_floweret,shiso,
shiso_leaf,perilla,
shiso_stem,shiso,
short_rib,beef,
shoulder,pork,
shoulder_joint,pig,
shoulder_meat,pork,
shoulder_roast,pork,
shoulder_steak,beef,
shoulder_steak,bos_taurus,
shoulder_trim,pork,
shrimp_head,shrimp,
shrimp_roe,shrimp,
shrimp_shell,shrimp,
shriveled_rice_plant,rice,
shucked_oyster,oyster,
shucked_peas,pea_pod,
shucked_peas,pisum_sativum,
sichuan_pepper,zanthoxylum_bungeanum,
sichuan_pepper_bud,sichuan_pepper,
sichuan_pepper_seeds,zanthoxylum_bungeanum,
silver_trevally_fillet,silver_trevally,
silverside,beef,
silverside_beef,beef,
sirloin,cattle,
sirloin,beef,
sirloin_beef,beef,
sirloin_roast,cattle,
sirloin_roast,sirloin,
sirloin_steak,bos_taurus,
sirloin_steak_tip,beef_sirloin,
sirloin_steak_tip,bos_taurus,
sirloin_tenderloin,beef,
sirloin_tenderloin,cattle,
sirloin_tip,beef,
sitka_deer_meat_raw,sitka_deer,
skate_cartilage,skate,
skin_on_belly,pig,
skinned_fillet,fish,
skirt_steak,bos_taurus,
small_convolvulus_leaves,convolvulus_arvensis,
small_steak,beef,
smartweed,persicaria_hydropiper,
snail_roe,helix_aspersa,
snail_vegetable,stachys_affinis,
snake_meat,snake,
snapper_head,snapper,
society_garlic_flower,society_garlic,
soft_roe,fish,
solanum_domingense_rhizome,solanum_domingense,
sole_fillet,sole,
sorghum_bran,sorghum_grain,
sorghum_grain,sorghum,
sorghum_leaf,sorghum,
sorrel,rumex_acetosa,
sorrel_flower,sorrel,
sorrel_leaf,sorrel,
sorrel_leaves,rumex_acetosa,
sour_stalk,japanese_knotweed,
sows_womb,pig,
soya_bean_sprouts,soybean,
soybean_leaf,soybean,
spare_ribs,pork,
sparrow_egg,passer_montanus,
spicebush_berries,spicebush,
spikenard,nardostachys_jatamansi,
spinach_leaves,spinach,
spinach_stem,spinach,
spinach_stems,spinach,
spleen,pork,
spring_bamboo_shoot,phyllostachys_edulis,
sprout_tops,pea_shoots,
sprouted_pea,pea,
spruce_bark,spruce,
spruce_tip,spruce,
spruce_tips,spruce,
squab_bone,squab,
squab_breast,squab,
squab_carcase,squab,
squab_heart,squab,
squab_leg,squab,
squab_leg_meat,squab,
squab_liver,squab,
squab_slice,squab,
squab_wing,squab,
squash_blossom,squash,
squash_breast,cucurbita_moschata,
squash_carcass,pumpkin,
squash_carcass,squash,
squash_gizzard,cucurbita_moschata,
squash_seed,squash,
squash_shoots,cucurbita_moschata,
squash_tendrils,squash,
squid_body,squid,
squid_fins,squid,
squid_head,squid,
squid_lip,squid,
squid_parts,squid,
squid_ribbon,squid,
squid_strip,squid,
squid_tentacle,squid,
squid_trimmings,squid,
squirrel_meat_raw,squirrel,
st_louis_spare_ribs,pork,
stalked_spinach,spinach,
starfish_gonads,asterias_amurensis,
starfish_roe,asterias_amurensis,
steak,beef,
steak_tip,beef,
steelhead_trout_fillet,steelhead_trout,
steller_sea_lion_heart,steller_sea_lion,
steller_sea_lion_kidney,steller_sea_lion,
steller_sea_lion_liver,steller_sea_lion,
steller_sea_lion_meat,steller_sea_lion,
stevia_flowers,stevia,
stevia_leaves,stevia,
stew_beef,cattle,
stewing_beef,beef,
stewing_chicken_meat_only,chicken,
stewing_chicken_skin,chicken,
stewing_steak,cattle,
stinging_nettle_leaf,stinging_nettle,
stomach,cattle,
stomach,pig,
stomopneustidae,sea_urchin,
strange_sea_urchin,sea_urchin,
strip_steak,cattle,
striped_bass_bone,striped_bass,
striped_bass_fillet,striped_bass,
striped_bass_trimmings,striped_bass,
striped_marlin_tail,striped_marlin,
sturgeon_fillet,sturgeon,
sturgeon_roe,sturgeon,
sturgeon_trim,sturgeon,
suet,beef,
sunflower_seed,sunflower,
sunflower_sprout,sunflower,
supreme,chicken,
sweet_basil_seeds,sweet_basil,
sweet_corn_root,sweet_corn,
sweet_potato_leaf,sweet_potato,
sweet_potato_stem,sweet_potato,
sweet_potato_stem_with_skin,sweet_potato,
sweetbread,cattle,
sweetbread_fat,bos_taurus,
sweetbread_fat,pancreas,
sweetbreads,sheep,
sweetfish_bile,sweetfish,
swim_bladder,teleost_fish,
swiss_chard_leaf,swiss_chard,
swiss_chard_stalk,swiss_chard,
swordfish_loin,swordfish,
swordfish_loin_steak,swordfish,
swordfish_spine,swordfish,
swordfish_steak,swordfish,
szechuan_pepper,zanthoxylum_bungeanum,
t_bone_steak,bos_taurus,
taaza,coriander,
tafelspitz,beef,
tail_fat,sheep,
tailpiece,pork,
tamarind_leaves,tamarind,
tanagon_leaf,tarragon,
tangerine_peel,tangerine,
tangerine_zest,tangerine,
taro_corm,taro,
taro_corms,taro,
taro_leaf,taro,
taro_root,taro,
taro_shoot,taro,
taro_sprout,taro,
taro_stalk,taro,
tarragon_stem,tarragon,
tea_buds,tea_plant,
tea_leaf,camellia_sinensis,
tea_olive,osmanthus_fragrans,
tejpat,cinnamomum_tamala,
telfairia_nut,telfairia_occidentalis,
tenderloin_trimmings,beef_tenderloin,
tendon,cattle,
terebinth_nut,pistacia_terebinthus,
tern_egg,tern,
thigh,chicken,
thigh_bones,chicken,
thyme_bud,thyme,
thyme_flower,thyme,
thyme_sprigs,thyme,
thyme_stem,thyme,
tiger_bone,tiger,
tilefish_fillet,tilefish,
tip,asparagus,
tobu_kusa,equisetum_arvense,
tongue,beef,
tonka_bean,dipteryx_odorata,
top_loin_roast,beef,
top_round_steak,beef,
top_sirloin_roast,bos_taurus,
top_sirloin_steak,cattle,
topside,beef,
topside_steak,cattle,
toraji,platycodon_grandiflorus,
toulouse_duck_liver,domestic_duck,
tournedos,beef_tenderloin,
toxic_arum_stem,colocasia_gigantea,
trapa_nut,trapa_bispinosa,
tri_tip_roast,beef,
tripe,beef,
trotter,pig,
trout_belly,rainbow_trout,
trout_fillet,rainbow_trout,
trout_fillet_skin_on,rainbow_trout,
trout_fillet_skin_on,trout,
trout_roe,rainbow_trout,
turmeric_leaf,turmeric,
turmeric_root,turmeric,
turnip_green,turnip,
turnip_rooted_chervil,chaerophyllum_bulbosum,
turnip_seed,turnip,
turnip_slice,turnip,
turtle_egg,chinese_softshell_turtle,
turtle_meat,turtle,
tussilage_flower,coltsfoot,
ubod,coconut,
udder,cattle,
umbles,deer,
ume_nuts,ume,
under_nut,pork,
unhulled_barley,barley,
uni,sea_urchin,
unknown_vegetable_2,phyllostachys_bamboo,
unripe_papaya,papaya,
unripe_sea_buckthorn_berries,sea_buckthorn,
unskinned_fillet,fish,
unwashed_egg,chicken,
urchin,sea_urchin,
urchin_roe,sea_urchin,
uwami,actinopterygii,
vanilla_seeds,vanilla_bean,
variegated_sage_leaves,variegated_sage,
veal,cattle,
veal_beef_trimmings,beef,
veal_beef_trimmings,veal,
veal_bone,veal,
veal_bone,cattle,
veal_bones,veal,
veal_bones,cattle,
veal_bones_necks_and_backs,veal,
veal_brain,veal,
veal_brain,cattle,
veal_breast,bos_taurus,
veal_brisket,veal,
veal_cheek,veal,
veal_cheek,cattle,
veal_cheeks,veal,
veal_chop,veal,
veal_cutlet,veal,
veal_cutlets,veal,
veal_escalope_raw,cattle_leg,
veal_escalope_raw,cattle_loin,
veal_fat,veal,
veal_fat_raw,veal,
veal_feet,veal,
veal_fillet,veal,
veal_foot_bone,veal,
veal_foot_bone,cattle,
veal_head,veal,
veal_head,cattle,
veal_heart,veal,
veal_heart_raw,veal,
veal_jarret,veal,
veal_kidney,veal,
veal_kidney,cattle,
veal_kidneys,beef,
veal_knuckle,veal,
veal_knuckle_and_neck_bones,veal,
veal_knuckle_and_neck_bones,cattle,
veal_knuckle_bones,veal,
veal_knuckle_bones,bos_taurus,
veal_leg,veal,
veal_liver_raw,bos_taurus,
veal_loin,bos_taurus,
veal_loin_lean_fat_raw,veal,
veal_loin_lean_fat_roasted,veal_loin,
veal_loin_lean_only_raw,veal,
veal_loin_steak,veal,
veal_lung,veal,
veal_lung,cattle,
veal_marrow,bos_taurus,
veal_marrow_bones,veal,
veal_marrowbones,veal,
veal_marrowbones,bos_taurus,
veal_meat,cattle,
veal_nut,bos_taurus,
veal_pancreas,cattle,
veal_rack,cattle,
veal_rib_chop,veal,
veal_rib_lean_only_raw,veal,
veal_rib_lean_only_roasted,veal_rib,
veal_rib_lean_raw,bos_taurus,
veal_rib_rack,veal,
veal_rib_rack,bos_taurus,
veal_ribs,veal,
veal_shank,veal,
veal_shank_lean_fat_raw,veal,
veal_shank_lean_raw,veal,
veal_shank_lean_raw,bos_taurus,
veal_shank_raw,veal_raw,
veal_shoulder_arm_lean_fat_raw,veal,
veal_shoulder_arm_lean_fat_raw,bos_taurus,
veal_shoulder_blade_chop_lean_fat_raw,bos_taurus,
veal_shoulder_blade_chop_lean_fat_raw,veal_shoulder,
veal_shoulder_blade_chop_lean_only_raw,veal,
veal_shoulder_roast,veal,
veal_sirloin_lean_only_raw,bos_taurus,
veal_sirloin_lean_only_raw,sirloin,
veal_sirloin_tip,veal,
veal_spleen_raw,veal,
veal_spleen_raw,bos_taurus,
veal_sweetbreads,bos_taurus,
veal_tenderloin,veal,
veal_tendons,beef,
veal_thymus_raw,veal,
veal_tongue,veal,
veal_tongue,cattle,
veal_top_round,cattle,
veal_top_round_cutlet_raw,veal_top_round,
veal_top_round_cutlet_raw,bos_taurus,
veal_trim,veal,
veal_trimmings,veal,
vegetable_tops,vegetables,
venison_backbone,venison,
venison_carcass,venison,
venison_chop,venison,
venison_heart,venison,
venison_liver,venison,
venison_loin,venison,
venison_loins,venison,
venison_meat_raw,cervidae,
venison_neck,venison,
venison_rack,venison,
venison_tendon,venison,
venison_trim,venison,
vine_leaf,grapevine,
vine_tender_leaves,vitis_spp,
vineshoots,grapevine,
viola_leaf,viola_tricolor,
violet_flowers,viola_odorata,
volvi,lilium_lancifolium,
wagyu_beef_cheeks,beef,
wagyu_beef_fillet,bos_taurus,
wagyu_beef_rump,bos_taurus,
wallaby_tail,wallaby,
walnut_halves,walnut,
walnut_in_shell,walnut,
walnut_kernels,walnut,
walnut_leaf,walnut,
walrus_liver_raw,walrus,
walrus_meat_raw,walrus,
warabi,bracken_fern,
warabi_stem,warabi,
wasabi_dai,wasabi,
wasabi_flowers,wasabi,
wasabi_leaf,wasabi,
wasabi_peel,wasabi,
wasabi_root,wasabi,
wasabi_stem,wasabi,
washington_steak,bos_taurus,
wasp_pupae,wasp,
water_celery_leaves,water_celery,
water_celery_stems,water_celery,
water_chestnut_seeds,euryale_ferox,
watermelon_pieces,watermelon,
watermelon_seed,watermelon,
watermelon_seeds,watermelon,
wattle_seed,acacia_victoriae,
wattle_seeds,acacia_victoriae,
western_rape_leaf_stem,western_rape,
whale_meat,whale,
whale_tail,whale,
wheat_berries,wheat,
wheat_bran,wheat,
wheat_brans,wheat,
wheat_germ,wheat,
wheat_husk,wheat,
wheat_seed,wheat,
whip_bamboo_shoot,phyllostachys_pubescens,
white_crab_meat,crab,
white_egg,chicken,
white_fish_bones,white_fish,
white_flesh,pig,
white_ginkgo,ginkgo,
white_ginseng_root,imperata_cylindrica,
white_offal,cattle,
white_offal,pig,
white_poppy_seeds,opium_poppy,
white_root,imperata_cylindrica,
white_sandalwood_young_stem,white_sandalwood,
white_sesame_seeds,sesame,
white_taro_stem,taro,
white_taro_stem,colocasia_esculenta,
whitefish_eggs,whitefish,
whole_duck,duck,
whole_egg,chicken,
whole_kernel_corn,corn,
whole_rye_grains,rye,
whole_turkey,turkey,
wild_boar_loin,wild_boar,
wild_boar_loin_raw,wild_boar,
wild_boar_meat_raw,wild_boar,
wild_boar_shoulder,wild_boar,
wild_carrot_leaves,wild_carrot,
wild_carrot_root,wild_carrot,
wild_celery_leaf,wild_celery,
wild_fennel_stalks,wild_fennel,
wild_fennel_stalks,fennel,
wild_garlic_leaf,wild_garlic,
wild_rhubarb_leaves,wild_rhubarb,
wild_rose_hip,rosa_canina,
willow_catkins,salix_babylonica,
wing,chicken,
wing_tip,chicken,
winged_bean_tuber,winged_bean,
winged_beans_unripe,winged_bean,
wings,chicken,
winter_bamboo_shoot,phyllostachys_edulis,
wormwood_leaves,wormwood,
wuyu_bed_strips,parthenocissus_quinquefolia,
yak_milk,yak,
yam_beans,chinese_yam,
yam_flesh_boiled_unsalted,yam,
yam_flesh_raw,chinese_yam,
yapraq,grapevine,
yarrow_blossoms,yarrow,
yellow_pond_lily_seed,yellow_pond_lily,
yellowfin_tuna_loin,yellowfin_tuna,
yellowfin_tuna_red_muscle,yellowfin_tuna,
yellowfin_tuna_trimmings,yellowfin_tuna,
yorkshire_rhubarb_stalk,yorkshire_rhubarb,
young_ginger,ginger_plant,
young_goat_meat,goat,
young_maize,maize,
young_pea_shoots,pisum_sativum,
young_peas,pea_plant,
young_pod,pea_plant,
young_shoots,bamboo,
young_sourdock_leaves,rumex_acetosa,
young_stem_leaf,brassica_oleracea,
young_vine,sweet_potato,
yuri_ne,lilium_leichtlinii,
yuzu_peel,yuzu,
yuzu_pulp,yuzu,
yuzu_zest,yuzu,
zest,citrus,
zest_of_meyer_lemon,meyer_lemon,
zest_slices,citrus,
zizania_root,zizania_latifolia,
zucchini_flower,zucchini,
zucchini_flower,cucurbita_pepo,
zucchini_leaves,zucchini,
zucchini_peel,zucchini,
